{
    "modelName": "New Model",
    "collections": [
        {
            "collectionName": "User",
            "type": "object",
            "properties": [
                {
                    "name": "Coins",
                    "hackoladeMeta": {},
                    "isActivated": true,
                    "type": "numeric",
                    "GUID": "1ce24610-81a9-11ec-81c7-e3982a889c0f",
                    "unit": "4",
                    "error": {}
                },
                {
                    "name": "Dob",
                    "hackoladeMeta": {},
                    "isActivated": true,
                    "type": "date",
                    "primaryKey": false,
                    "GUID": "2a1a5e30-81a9-11ec-81c7-e3982a889c0f",
                    "required": true,
                    "error": {}
                },
                {
                    "name": "Email",
                    "hackoladeMeta": {},
                    "isActivated": true,
                    "type": "string",
                    "GUID": "7b5d2200-81a9-11ec-81c7-e3982a889c0f",
                    "required": true,
                    "error": {}
                },
                {
                    "name": "Gender",
                    "hackoladeMeta": {},
                    "isActivated": true,
                    "type": "string",
                    "GUID": "87cdcb70-81a9-11ec-81c7-e3982a889c0f",
                    "required": true,
                    "error": {}
                },
                {
                    "name": "Is_whc_user",
                    "hackoladeMeta": {},
                    "isActivated": true,
                    "type": "boolean",
                    "GUID": "91527880-81a9-11ec-81c7-e3982a889c0f",
                    "required": false,
                    "error": {}
                },
                {
                    "name": "Race",
                    "hackoladeMeta": {},
                    "isActivated": true,
                    "type": "string",
                    "GUID": "cfad25d0-81a9-11ec-81c7-e3982a889c0f",
                    "required": true,
                    "error": {}
                },
                {
                    "name": "Name",
                    "hackoladeMeta": {},
                    "isActivated": true,
                    "type": "string",
                    "GUID": "93041b30-8fc2-11ec-a8a9-8d8b109865b3",
                    "required": true,
                    "error": {}
                }
            ],
            "definitions": {
                "type": "definitions",
                "properties": [],
                "GUID": "03ba7450-81a9-11ec-81c7-e3982a889c0f"
            },
            "isActivated": true,
            "additionalProperties": false,
            "validationLevel": "Off",
            "validationAction": "Warn",
            "storageEngineName": "WiredTiger",
            "collectionUsers": [],
            "indexes": [],
            "collation": {},
            "sharding": {
                "unique": true,
                "collation": "null"
            },
            "GUID": "03b89f90-81a9-11ec-81c7-e3982a889c0f",
            "bucketId": "df0d1c70-81a8-11ec-81c7-e3982a889c0f"
        },
        {
            "collectionName": "Appointment",
            "type": "object",
            "properties": [],
            "definitions": {
                "type": "definitions",
                "properties": [],
                "GUID": "f2d87190-81a9-11ec-81c7-e3982a889c0f"
            },
            "isActivated": true,
            "additionalProperties": false,
            "validationLevel": "Off",
            "validationAction": "Warn",
            "storageEngineName": "WiredTiger",
            "collectionUsers": [],
            "indexes": [],
            "collation": {},
            "sharding": {
                "unique": true,
                "collation": "null"
            },
            "GUID": "f2d69cd0-81a9-11ec-81c7-e3982a889c0f",
            "bucketId": "df0d1c70-81a8-11ec-81c7-e3982a889c0f"
        },
        {
            "collectionName": "Appointment_Date",
            "type": "object",
            "properties": [
                {
                    "name": "Status",
                    "hackoladeMeta": {},
                    "isActivated": true,
                    "type": "numeric",
                    "required": false,
                    "GUID": "7ac83f90-81aa-11ec-81c7-e3982a889c0f",
                    "error": {}
                },
                {
                    "name": "FromDate",
                    "hackoladeMeta": {},
                    "isActivated": true,
                    "type": "date",
                    "primaryKey": false,
                    "GUID": "87c71f40-81aa-11ec-81c7-e3982a889c0f",
                    "required": true,
                    "error": {}
                },
                {
                    "name": "ToDate",
                    "hackoladeMeta": {},
                    "isActivated": true,
                    "type": "date",
                    "primaryKey": false,
                    "GUID": "913cff40-81aa-11ec-81c7-e3982a889c0f",
                    "required": true,
                    "error": {}
                },
                {
                    "name": "Notes",
                    "hackoladeMeta": {},
                    "isActivated": true,
                    "type": "string",
                    "GUID": "980b8d00-81aa-11ec-81c7-e3982a889c0f",
                    "error": {
                        "name": false,
                        "code": false
                    }
                },
                {
                    "name": "Staff",
                    "hackoladeMeta": {},
                    "isActivated": true,
                    "type": "string",
                    "GUID": "9beaea10-81aa-11ec-81c7-e3982a889c0f",
                    "error": {
                        "name": false,
                        "code": false
                    }
                },
                {
                    "name": "Subject",
                    "hackoladeMeta": {},
                    "isActivated": true,
                    "type": "string",
                    "GUID": "a2876b50-81aa-11ec-81c7-e3982a889c0f",
                    "required": true,
                    "error": {}
                }
            ],
            "definitions": {
                "type": "definitions",
                "properties": [],
                "GUID": "5d5cd0b0-81aa-11ec-81c7-e3982a889c0f"
            },
            "isActivated": true,
            "additionalProperties": false,
            "validationLevel": "Off",
            "validationAction": "Warn",
            "storageEngineName": "WiredTiger",
            "collectionUsers": [],
            "indexes": [],
            "collation": {},
            "sharding": {
                "unique": true,
                "collation": "null"
            },
            "GUID": "5d5ad4e0-81aa-11ec-81c7-e3982a889c0f",
            "bucketId": "df0d1c70-81a8-11ec-81c7-e3982a889c0f",
            "hackoladeMeta": {}
        },
        {
            "collectionName": "Diet",
            "type": "object",
            "properties": [],
            "definitions": {
                "type": "definitions",
                "properties": [],
                "GUID": "b19554e0-81aa-11ec-81c7-e3982a889c0f"
            },
            "isActivated": true,
            "additionalProperties": false,
            "validationLevel": "Off",
            "validationAction": "Warn",
            "storageEngineName": "WiredTiger",
            "collectionUsers": [],
            "indexes": [],
            "collation": {},
            "sharding": {
                "unique": true,
                "collation": "null"
            },
            "GUID": "b1933200-81aa-11ec-81c7-e3982a889c0f",
            "bucketId": "df0d1c70-81a8-11ec-81c7-e3982a889c0f"
        },
        {
            "collectionName": "Diet_Date",
            "type": "object",
            "properties": [
                {
                    "name": "Date",
                    "hackoladeMeta": {},
                    "isActivated": true,
                    "type": "date",
                    "primaryKey": false,
                    "GUID": "0793a4f0-81ab-11ec-81c7-e3982a889c0f",
                    "required": false,
                    "error": {}
                },
                {
                    "name": "Breakfast",
                    "hackoladeMeta": {},
                    "isActivated": true,
                    "type": "boolean",
                    "GUID": "20f3ebd0-81ab-11ec-81c7-e3982a889c0f",
                    "required": true,
                    "error": {}
                },
                {
                    "name": "Lunch",
                    "hackoladeMeta": {},
                    "isActivated": true,
                    "type": "boolean",
                    "GUID": "29936900-81ab-11ec-81c7-e3982a889c0f",
                    "required": true,
                    "error": {}
                },
                {
                    "name": "Teatime",
                    "hackoladeMeta": {},
                    "isActivated": true,
                    "type": "boolean",
                    "GUID": "33e6fed0-81ab-11ec-81c7-e3982a889c0f",
                    "required": true,
                    "error": {}
                },
                {
                    "name": "Dinner",
                    "hackoladeMeta": {},
                    "isActivated": true,
                    "type": "boolean",
                    "GUID": "3a6b1610-81ab-11ec-81c7-e3982a889c0f",
                    "required": true,
                    "error": {}
                },
                {
                    "name": "Supper",
                    "hackoladeMeta": {},
                    "isActivated": true,
                    "type": "boolean",
                    "GUID": "3f64e3d0-81ab-11ec-81c7-e3982a889c0f",
                    "required": true,
                    "error": {}
                },
                {
                    "name": "Goal",
                    "hackoladeMeta": {},
                    "isActivated": true,
                    "type": "numeric",
                    "GUID": "4b6ae490-81ab-11ec-81c7-e3982a889c0f",
                    "required": true,
                    "error": {}
                },
                {
                    "name": "Redeem",
                    "hackoladeMeta": {},
                    "isActivated": true,
                    "type": "boolean",
                    "GUID": "9c0268b0-81b5-11ec-81c7-e3982a889c0f",
                    "error": {
                        "name": false,
                        "code": false
                    }
                }
            ],
            "definitions": {
                "type": "definitions",
                "properties": [],
                "GUID": "d83e0790-81aa-11ec-81c7-e3982a889c0f"
            },
            "isActivated": true,
            "additionalProperties": false,
            "validationLevel": "Off",
            "validationAction": "Warn",
            "storageEngineName": "WiredTiger",
            "collectionUsers": [],
            "indexes": [],
            "collation": {},
            "sharding": {
                "unique": true,
                "collation": "null"
            },
            "GUID": "d83b9690-81aa-11ec-81c7-e3982a889c0f",
            "bucketId": "df0d1c70-81a8-11ec-81c7-e3982a889c0f",
            "hackoladeMeta": {}
        },
        {
            "collectionName": "Exercise",
            "type": "object",
            "properties": [],
            "definitions": {
                "type": "definitions",
                "properties": [],
                "GUID": "57539950-81ab-11ec-81c7-e3982a889c0f"
            },
            "isActivated": true,
            "additionalProperties": false,
            "validationLevel": "Off",
            "validationAction": "Warn",
            "storageEngineName": "WiredTiger",
            "collectionUsers": [],
            "indexes": [],
            "collation": {},
            "sharding": {
                "unique": true,
                "collation": "null"
            },
            "GUID": "5751c490-81ab-11ec-81c7-e3982a889c0f",
            "bucketId": "df0d1c70-81a8-11ec-81c7-e3982a889c0f"
        },
        {
            "collectionName": "Exercise_Date",
            "type": "object",
            "properties": [
                {
                    "name": "Date",
                    "hackoladeMeta": {},
                    "isActivated": true,
                    "type": "date",
                    "primaryKey": false,
                    "GUID": "b650c4a0-81ab-11ec-81c7-e3982a889c0f",
                    "error": {
                        "name": false,
                        "code": false
                    }
                },
                {
                    "name": "Duration",
                    "hackoladeMeta": {},
                    "isActivated": true,
                    "type": "numeric",
                    "GUID": "d1f5cb60-81ab-11ec-81c7-e3982a889c0f",
                    "required": true,
                    "error": {}
                },
                {
                    "name": "Goal",
                    "hackoladeMeta": {},
                    "isActivated": true,
                    "type": "numeric",
                    "GUID": "da6e86b0-81ab-11ec-81c7-e3982a889c0f",
                    "required": true,
                    "error": {}
                },
                {
                    "name": "Redeem",
                    "hackoladeMeta": {},
                    "isActivated": true,
                    "type": "boolean",
                    "GUID": "a18f0090-81b5-11ec-81c7-e3982a889c0f",
                    "error": {
                        "name": false,
                        "code": false
                    }
                }
            ],
            "definitions": {
                "type": "definitions",
                "properties": [],
                "GUID": "802ac4c0-81ab-11ec-81c7-e3982a889c0f"
            },
            "isActivated": true,
            "additionalProperties": false,
            "validationLevel": "Off",
            "validationAction": "Warn",
            "storageEngineName": "WiredTiger",
            "collectionUsers": [],
            "indexes": [],
            "collation": {},
            "sharding": {
                "unique": true,
                "collation": "null"
            },
            "GUID": "8028c8f0-81ab-11ec-81c7-e3982a889c0f",
            "bucketId": "df0d1c70-81a8-11ec-81c7-e3982a889c0f",
            "hackoladeMeta": {}
        },
        {
            "collectionName": "Finance",
            "type": "object",
            "properties": [],
            "definitions": {
                "type": "definitions",
                "properties": [],
                "GUID": "e0eecd60-81ab-11ec-81c7-e3982a889c0f"
            },
            "isActivated": true,
            "additionalProperties": false,
            "validationLevel": "Off",
            "validationAction": "Warn",
            "storageEngineName": "WiredTiger",
            "collectionUsers": [],
            "indexes": [],
            "collation": {},
            "sharding": {
                "unique": true,
                "collation": "null"
            },
            "GUID": "e0ecf8a0-81ab-11ec-81c7-e3982a889c0f",
            "bucketId": "df0d1c70-81a8-11ec-81c7-e3982a889c0f"
        },
        {
            "collectionName": "Finance_Date",
            "type": "object",
            "properties": [
                {
                    "name": "Date",
                    "hackoladeMeta": {},
                    "isActivated": true,
                    "type": "date",
                    "primaryKey": false,
                    "GUID": "1d170a50-81ac-11ec-81c7-e3982a889c0f",
                    "error": {
                        "name": false,
                        "code": false
                    }
                },
                {
                    "name": "Amt",
                    "hackoladeMeta": {},
                    "isActivated": true,
                    "type": "numeric",
                    "GUID": "795319d0-81ac-11ec-81c7-e3982a889c0f",
                    "required": true,
                    "error": {}
                },
                {
                    "name": "Goal",
                    "hackoladeMeta": {},
                    "isActivated": true,
                    "type": "numeric",
                    "GUID": "85b914e0-81ac-11ec-81c7-e3982a889c0f",
                    "required": true,
                    "error": {}
                },
                {
                    "name": "Redeeem",
                    "hackoladeMeta": {},
                    "isActivated": true,
                    "type": "boolean",
                    "GUID": "a8b79530-81b5-11ec-81c7-e3982a889c0f",
                    "error": {
                        "name": false,
                        "code": false
                    }
                }
            ],
            "definitions": {
                "type": "definitions",
                "properties": [],
                "GUID": "f3e2a3b0-81ab-11ec-81c7-e3982a889c0f"
            },
            "isActivated": true,
            "additionalProperties": false,
            "validationLevel": "Off",
            "validationAction": "Warn",
            "storageEngineName": "WiredTiger",
            "collectionUsers": [],
            "indexes": [],
            "collation": {},
            "sharding": {
                "unique": true,
                "collation": "null"
            },
            "GUID": "f3e00ba0-81ab-11ec-81c7-e3982a889c0f",
            "bucketId": "df0d1c70-81a8-11ec-81c7-e3982a889c0f",
            "hackoladeMeta": {}
        },
        {
            "collectionName": "Social",
            "type": "object",
            "properties": [],
            "definitions": {
                "type": "definitions",
                "properties": [],
                "GUID": "ab6454c0-81ac-11ec-81c7-e3982a889c0f"
            },
            "isActivated": true,
            "additionalProperties": false,
            "validationLevel": "Off",
            "validationAction": "Warn",
            "storageEngineName": "WiredTiger",
            "collectionUsers": [],
            "indexes": [],
            "collation": {},
            "sharding": {
                "unique": true,
                "collation": "null"
            },
            "GUID": "ab620ad0-81ac-11ec-81c7-e3982a889c0f",
            "bucketId": "df0d1c70-81a8-11ec-81c7-e3982a889c0f"
        },
        {
            "collectionName": "Social_Date",
            "type": "object",
            "properties": [
                {
                    "name": "Date",
                    "hackoladeMeta": {},
                    "isActivated": true,
                    "type": "date",
                    "primaryKey": false,
                    "GUID": "9c827250-81ae-11ec-81c7-e3982a889c0f",
                    "error": {
                        "name": false,
                        "code": false
                    }
                },
                {
                    "name": "Duration",
                    "hackoladeMeta": {},
                    "isActivated": true,
                    "type": "numeric",
                    "GUID": "a6ec2830-81ae-11ec-81c7-e3982a889c0f",
                    "required": true,
                    "error": {}
                },
                {
                    "name": "Goal",
                    "hackoladeMeta": {},
                    "isActivated": true,
                    "type": "numeric",
                    "GUID": "af3520f0-81ae-11ec-81c7-e3982a889c0f",
                    "required": true,
                    "error": {}
                },
                {
                    "name": "Redeem",
                    "hackoladeMeta": {},
                    "isActivated": true,
                    "type": "boolean",
                    "GUID": "b107b9e0-81b5-11ec-81c7-e3982a889c0f",
                    "error": {
                        "name": false,
                        "code": false
                    }
                }
            ],
            "definitions": {
                "type": "definitions",
                "properties": [],
                "GUID": "e932c7a0-81ac-11ec-81c7-e3982a889c0f"
            },
            "isActivated": true,
            "additionalProperties": false,
            "validationLevel": "Off",
            "validationAction": "Warn",
            "storageEngineName": "WiredTiger",
            "collectionUsers": [],
            "indexes": [],
            "collation": {},
            "sharding": {
                "unique": true,
                "collation": "null"
            },
            "GUID": "e92fba60-81ac-11ec-81c7-e3982a889c0f",
            "bucketId": "df0d1c70-81a8-11ec-81c7-e3982a889c0f",
            "hackoladeMeta": {}
        },
        {
            "collectionName": "Goal",
            "type": "object",
            "properties": [],
            "definitions": {
                "type": "definitions",
                "properties": [],
                "GUID": "cc602b70-81ae-11ec-81c7-e3982a889c0f"
            },
            "isActivated": true,
            "additionalProperties": false,
            "validationLevel": "Off",
            "validationAction": "Warn",
            "storageEngineName": "WiredTiger",
            "collectionUsers": [],
            "indexes": [],
            "collation": {},
            "sharding": {
                "unique": true,
                "collation": "null"
            },
            "GUID": "cc5e7dc0-81ae-11ec-81c7-e3982a889c0f",
            "bucketId": "df0d1c70-81a8-11ec-81c7-e3982a889c0f"
        },
        {
            "collectionName": "Diet_G",
            "type": "object",
            "properties": [
                {
                    "name": "Type",
                    "hackoladeMeta": {},
                    "isActivated": true,
                    "type": "string",
                    "GUID": "45f02a30-81af-11ec-81c7-e3982a889c0f",
                    "error": {
                        "name": false,
                        "code": false
                    }
                },
                {
                    "name": "Conf",
                    "hackoladeMeta": {},
                    "isActivated": true,
                    "type": "numeric",
                    "GUID": "4eb816f0-81af-11ec-81c7-e3982a889c0f",
                    "error": {
                        "name": false,
                        "code": false
                    }
                },
                {
                    "name": "Goal",
                    "hackoladeMeta": {},
                    "isActivated": true,
                    "type": "numeric",
                    "GUID": "53401010-81af-11ec-81c7-e3982a889c0f",
                    "error": {
                        "name": false,
                        "code": false
                    }
                }
            ],
            "definitions": {
                "type": "definitions",
                "properties": [],
                "GUID": "1039b500-81af-11ec-81c7-e3982a889c0f"
            },
            "isActivated": true,
            "additionalProperties": false,
            "validationLevel": "Off",
            "validationAction": "Warn",
            "storageEngineName": "WiredTiger",
            "collectionUsers": [],
            "indexes": [],
            "collation": {},
            "sharding": {
                "unique": true,
                "collation": "null"
            },
            "GUID": "10385570-81af-11ec-81c7-e3982a889c0f",
            "bucketId": "df0d1c70-81a8-11ec-81c7-e3982a889c0f",
            "hackoladeMeta": {}
        },
        {
            "collectionName": "Exercise_G",
            "type": "object",
            "properties": [
                {
                    "name": "Type",
                    "hackoladeMeta": {},
                    "isActivated": true,
                    "type": "string",
                    "GUID": "d12a6840-81af-11ec-81c7-e3982a889c0f",
                    "error": {
                        "name": false,
                        "code": false
                    }
                },
                {
                    "name": "Conf",
                    "hackoladeMeta": {},
                    "isActivated": true,
                    "type": "numeric",
                    "GUID": "d12a6841-81af-11ec-81c7-e3982a889c0f",
                    "error": {
                        "name": false,
                        "code": false
                    }
                },
                {
                    "name": "Goal",
                    "hackoladeMeta": {},
                    "isActivated": true,
                    "type": "numeric",
                    "GUID": "d12a6842-81af-11ec-81c7-e3982a889c0f",
                    "error": {
                        "name": false,
                        "code": false
                    }
                }
            ],
            "definitions": {
                "type": "definitions",
                "properties": [],
                "GUID": "d12a6843-81af-11ec-81c7-e3982a889c0f"
            },
            "isActivated": true,
            "additionalProperties": false,
            "validationLevel": "Off",
            "validationAction": "Warn",
            "storageEngineName": "WiredTiger",
            "collectionUsers": [],
            "indexes": [],
            "collation": {},
            "sharding": {
                "unique": true,
                "collation": "null"
            },
            "GUID": "d129cc00-81af-11ec-81c7-e3982a889c0f",
            "bucketId": "df0d1c70-81a8-11ec-81c7-e3982a889c0f",
            "hackoladeMeta": {}
        },
        {
            "collectionName": "Finance_G",
            "type": "object",
            "properties": [
                {
                    "name": "Type",
                    "hackoladeMeta": {},
                    "isActivated": true,
                    "type": "string",
                    "GUID": "e2159d50-81af-11ec-81c7-e3982a889c0f",
                    "error": {
                        "name": false,
                        "code": false
                    }
                },
                {
                    "name": "Conf",
                    "hackoladeMeta": {},
                    "isActivated": true,
                    "type": "numeric",
                    "GUID": "e2159d51-81af-11ec-81c7-e3982a889c0f",
                    "error": {
                        "name": false,
                        "code": false
                    }
                },
                {
                    "name": "Goal",
                    "hackoladeMeta": {},
                    "isActivated": true,
                    "type": "numeric",
                    "GUID": "e2159d52-81af-11ec-81c7-e3982a889c0f",
                    "error": {
                        "name": false,
                        "code": false
                    }
                }
            ],
            "definitions": {
                "type": "definitions",
                "properties": [],
                "GUID": "e2159d53-81af-11ec-81c7-e3982a889c0f"
            },
            "isActivated": true,
            "additionalProperties": false,
            "validationLevel": "Off",
            "validationAction": "Warn",
            "storageEngineName": "WiredTiger",
            "collectionUsers": [],
            "indexes": [],
            "collation": {},
            "sharding": {
                "unique": true,
                "collation": "null"
            },
            "GUID": "e2150110-81af-11ec-81c7-e3982a889c0f",
            "bucketId": "df0d1c70-81a8-11ec-81c7-e3982a889c0f",
            "hackoladeMeta": {}
        },
        {
            "collectionName": "Social_G ",
            "type": "object",
            "properties": [
                {
                    "name": "Type",
                    "hackoladeMeta": {},
                    "isActivated": true,
                    "type": "string",
                    "GUID": "edf6d800-81af-11ec-81c7-e3982a889c0f",
                    "error": {
                        "name": false,
                        "code": false
                    }
                },
                {
                    "name": "Conf",
                    "hackoladeMeta": {},
                    "isActivated": true,
                    "type": "numeric",
                    "GUID": "edf6d801-81af-11ec-81c7-e3982a889c0f",
                    "error": {
                        "name": false,
                        "code": false
                    }
                },
                {
                    "name": "Goal",
                    "hackoladeMeta": {},
                    "isActivated": true,
                    "type": "numeric",
                    "GUID": "edf6d802-81af-11ec-81c7-e3982a889c0f",
                    "error": {
                        "name": false,
                        "code": false
                    }
                }
            ],
            "definitions": {
                "type": "definitions",
                "properties": [],
                "GUID": "edf6d803-81af-11ec-81c7-e3982a889c0f"
            },
            "isActivated": true,
            "additionalProperties": false,
            "validationLevel": "Off",
            "validationAction": "Warn",
            "storageEngineName": "WiredTiger",
            "collectionUsers": [],
            "indexes": [],
            "collation": {},
            "sharding": {
                "unique": true,
                "collation": "null"
            },
            "GUID": "edf614b0-81af-11ec-81c7-e3982a889c0f",
            "bucketId": "df0d1c70-81a8-11ec-81c7-e3982a889c0f",
            "hackoladeMeta": {}
        },
        {
            "collectionName": "Reward_List",
            "type": "object",
            "properties": [
                {
                    "name": "Rewards",
                    "hackoladeMeta": {},
                    "isActivated": true,
                    "type": "array",
                    "properties": [
                        {
                            "hackoladeMeta": {},
                            "isActivated": true,
                            "type": "numeric",
                            "GUID": "4be3cbd0-81b0-11ec-81c7-e3982a889c0f",
                            "arrayItem": true,
                            "arrayParentType": "array"
                        }
                    ],
                    "additionalItems": true,
                    "GUID": "4bddff70-81b0-11ec-81c7-e3982a889c0f",
                    "error": {
                        "name": false,
                        "code": false
                    }
                },
                {
                    "name": "Reward_List",
                    "hackoladeMeta": {},
                    "isActivated": true,
                    "type": "string",
                    "GUID": "69fda320-81b0-11ec-81c7-e3982a889c0f",
                    "error": {
                        "name": false,
                        "code": false
                    }
                }
            ],
            "definitions": {
                "type": "definitions",
                "properties": [],
                "GUID": "2b53c460-81b0-11ec-81c7-e3982a889c0f"
            },
            "isActivated": true,
            "additionalProperties": false,
            "validationLevel": "Off",
            "validationAction": "Warn",
            "storageEngineName": "WiredTiger",
            "collectionUsers": [],
            "indexes": [],
            "collation": {},
            "sharding": {
                "unique": true,
                "collation": "null"
            },
            "GUID": "2b517a70-81b0-11ec-81c7-e3982a889c0f",
            "bucketId": "df0d1c70-81a8-11ec-81c7-e3982a889c0f"
        }
    ],
    "buckets": [
        {
            "name": "TrackApp",
            "type": "bucket",
            "collectionIds": [
                "03b89f90-81a9-11ec-81c7-e3982a889c0f",
                "f2d69cd0-81a9-11ec-81c7-e3982a889c0f",
                "5d5ad4e0-81aa-11ec-81c7-e3982a889c0f",
                "b1933200-81aa-11ec-81c7-e3982a889c0f",
                "d83b9690-81aa-11ec-81c7-e3982a889c0f",
                "5751c490-81ab-11ec-81c7-e3982a889c0f",
                "8028c8f0-81ab-11ec-81c7-e3982a889c0f",
                "e0ecf8a0-81ab-11ec-81c7-e3982a889c0f",
                "f3e00ba0-81ab-11ec-81c7-e3982a889c0f",
                "ab620ad0-81ac-11ec-81c7-e3982a889c0f",
                "e92fba60-81ac-11ec-81c7-e3982a889c0f",
                "cc5e7dc0-81ae-11ec-81c7-e3982a889c0f",
                "10385570-81af-11ec-81c7-e3982a889c0f",
                "d129cc00-81af-11ec-81c7-e3982a889c0f",
                "e2150110-81af-11ec-81c7-e3982a889c0f",
                "edf614b0-81af-11ec-81c7-e3982a889c0f",
                "2b517a70-81b0-11ec-81c7-e3982a889c0f"
            ],
            "backgroundColor": {
                "r": 63,
                "g": 81,
                "b": 181,
                "a": 1
            },
            "show": true,
            "isActivated": true,
            "GUID": "df0d1c70-81a8-11ec-81c7-e3982a889c0f"
        }
    ],
    "views": [],
    "relationships": [
        {
            "name": "New Relationship",
            "relationshipType": "",
            "parentField": [],
            "parentCardinality": "1",
            "childField": [],
            "childCardinality": "1",
            "GUID": "f707ea70-81a9-11ec-81c7-e3982a889c0f",
            "childCollection": "f2d69cd0-81a9-11ec-81c7-e3982a889c0f",
            "parentCollection": "03b89f90-81a9-11ec-81c7-e3982a889c0f"
        },
        {
            "name": "New Relationship(1)",
            "relationshipType": "",
            "parentField": [],
            "parentCardinality": "1",
            "childField": [],
            "childCardinality": "1",
            "GUID": "607cae50-81aa-11ec-81c7-e3982a889c0f",
            "parentCollection": "f2d69cd0-81a9-11ec-81c7-e3982a889c0f",
            "childCollection": "5d5ad4e0-81aa-11ec-81c7-e3982a889c0f"
        },
        {
            "name": "New Relationship(2)",
            "relationshipType": "",
            "parentField": [],
            "parentCardinality": "1",
            "childField": [],
            "childCardinality": "1",
            "GUID": "ccaf80c0-81aa-11ec-81c7-e3982a889c0f",
            "parentCollection": "03b89f90-81a9-11ec-81c7-e3982a889c0f",
            "childCollection": "b1933200-81aa-11ec-81c7-e3982a889c0f"
        },
        {
            "name": "New Relationship(3)",
            "relationshipType": "",
            "parentField": [],
            "parentCardinality": "1",
            "childField": [],
            "childCardinality": "1",
            "GUID": "e90e61a0-81aa-11ec-81c7-e3982a889c0f",
            "parentCollection": "b1933200-81aa-11ec-81c7-e3982a889c0f",
            "childCollection": "d83b9690-81aa-11ec-81c7-e3982a889c0f"
        },
        {
            "name": "New Relationship(4)",
            "relationshipType": "",
            "parentField": [],
            "parentCardinality": "1",
            "childField": [],
            "childCardinality": "1",
            "GUID": "9b2bc350-81ab-11ec-81c7-e3982a889c0f",
            "parentCollection": "03b89f90-81a9-11ec-81c7-e3982a889c0f",
            "childCollection": "5751c490-81ab-11ec-81c7-e3982a889c0f"
        },
        {
            "name": "New Relationship(5)",
            "relationshipType": "",
            "parentField": [],
            "parentCardinality": "1",
            "childField": [],
            "childCardinality": "1",
            "GUID": "a21b94b0-81ab-11ec-81c7-e3982a889c0f",
            "parentCollection": "5751c490-81ab-11ec-81c7-e3982a889c0f",
            "childCollection": "8028c8f0-81ab-11ec-81c7-e3982a889c0f"
        },
        {
            "name": "New Relationship(6)",
            "relationshipType": "",
            "parentField": [],
            "parentCardinality": "1",
            "childField": [],
            "childCardinality": "1",
            "GUID": "912dab10-81ac-11ec-81c7-e3982a889c0f",
            "parentCollection": "03b89f90-81a9-11ec-81c7-e3982a889c0f",
            "childCollection": "e0ecf8a0-81ab-11ec-81c7-e3982a889c0f"
        },
        {
            "name": "New Relationship(7)",
            "relationshipType": "",
            "parentField": [],
            "parentCardinality": "1",
            "childField": [],
            "childCardinality": "1",
            "GUID": "987e1300-81ac-11ec-81c7-e3982a889c0f",
            "parentCollection": "e0ecf8a0-81ab-11ec-81c7-e3982a889c0f",
            "childCollection": "f3e00ba0-81ab-11ec-81c7-e3982a889c0f"
        },
        {
            "name": "New Relationship(8)",
            "relationshipType": "",
            "parentField": [],
            "parentCardinality": "1",
            "childField": [],
            "childCardinality": "1",
            "GUID": "b91fbbc0-81ae-11ec-81c7-e3982a889c0f",
            "parentCollection": "03b89f90-81a9-11ec-81c7-e3982a889c0f",
            "childCollection": "ab620ad0-81ac-11ec-81c7-e3982a889c0f"
        },
        {
            "name": "New Relationship(9)",
            "relationshipType": "",
            "parentField": [],
            "parentCardinality": "1",
            "childField": [],
            "childCardinality": "1",
            "GUID": "bf18aa00-81ae-11ec-81c7-e3982a889c0f",
            "parentCollection": "ab620ad0-81ac-11ec-81c7-e3982a889c0f",
            "childCollection": "e92fba60-81ac-11ec-81c7-e3982a889c0f"
        },
        {
            "name": "New Relationship(10)",
            "relationshipType": "",
            "parentField": [],
            "parentCardinality": "1",
            "childField": [],
            "childCardinality": "1",
            "GUID": "02bd19d0-81af-11ec-81c7-e3982a889c0f",
            "parentCollection": "03b89f90-81a9-11ec-81c7-e3982a889c0f",
            "childCollection": "cc5e7dc0-81ae-11ec-81c7-e3982a889c0f"
        },
        {
            "name": "New Relationship(11)",
            "relationshipType": "",
            "parentField": [],
            "parentCardinality": "1",
            "childField": [],
            "childCardinality": "1",
            "GUID": "0138f560-81b0-11ec-81c7-e3982a889c0f",
            "parentCollection": "cc5e7dc0-81ae-11ec-81c7-e3982a889c0f",
            "childCollection": "10385570-81af-11ec-81c7-e3982a889c0f"
        },
        {
            "name": "New Relationship(12)",
            "relationshipType": "",
            "parentField": [],
            "parentCardinality": "1",
            "childField": [],
            "childCardinality": "1",
            "GUID": "09597e90-81b0-11ec-81c7-e3982a889c0f",
            "parentCollection": "cc5e7dc0-81ae-11ec-81c7-e3982a889c0f",
            "childCollection": "d129cc00-81af-11ec-81c7-e3982a889c0f"
        },
        {
            "name": "New Relationship(13)",
            "relationshipType": "",
            "parentField": [],
            "parentCardinality": "1",
            "childField": [],
            "childCardinality": "1",
            "GUID": "116bd6f0-81b0-11ec-81c7-e3982a889c0f",
            "parentCollection": "cc5e7dc0-81ae-11ec-81c7-e3982a889c0f",
            "childCollection": "e2150110-81af-11ec-81c7-e3982a889c0f"
        },
        {
            "name": "New Relationship(14)",
            "relationshipType": "",
            "parentField": [],
            "parentCardinality": "1",
            "childField": [],
            "childCardinality": "1",
            "GUID": "181e2a20-81b0-11ec-81c7-e3982a889c0f",
            "parentCollection": "cc5e7dc0-81ae-11ec-81c7-e3982a889c0f",
            "childCollection": "edf614b0-81af-11ec-81c7-e3982a889c0f"
        }
    ],
    "users": [],
    "diagramViews": [],
    "idToNameHashTable": {
        "df0d1c70-81a8-11ec-81c7-e3982a889c0f": "TrackApp",
        "03b89f90-81a9-11ec-81c7-e3982a889c0f": "User",
        "1ce24610-81a9-11ec-81c7-e3982a889c0f": "Coins",
        "2a1a5e30-81a9-11ec-81c7-e3982a889c0f": "Dob",
        "7b5d2200-81a9-11ec-81c7-e3982a889c0f": "Email",
        "87cdcb70-81a9-11ec-81c7-e3982a889c0f": "Gender",
        "91527880-81a9-11ec-81c7-e3982a889c0f": "Is_whc_user",
        "cfad25d0-81a9-11ec-81c7-e3982a889c0f": "Race",
        "f2d69cd0-81a9-11ec-81c7-e3982a889c0f": "Appointment",
        "f707ea70-81a9-11ec-81c7-e3982a889c0f": "New Relationship",
        "5d5ad4e0-81aa-11ec-81c7-e3982a889c0f": "Appointment_Date",
        "607cae50-81aa-11ec-81c7-e3982a889c0f": "New Relationship(1)",
        "7ac83f90-81aa-11ec-81c7-e3982a889c0f": "Status",
        "87c71f40-81aa-11ec-81c7-e3982a889c0f": "FromDate",
        "913cff40-81aa-11ec-81c7-e3982a889c0f": "ToDate",
        "980b8d00-81aa-11ec-81c7-e3982a889c0f": "Notes",
        "9beaea10-81aa-11ec-81c7-e3982a889c0f": "Staff",
        "a2876b50-81aa-11ec-81c7-e3982a889c0f": "Subject",
        "b1933200-81aa-11ec-81c7-e3982a889c0f": "Diet",
        "ccaf80c0-81aa-11ec-81c7-e3982a889c0f": "New Relationship(2)",
        "d83b9690-81aa-11ec-81c7-e3982a889c0f": "Diet_Date",
        "e90e61a0-81aa-11ec-81c7-e3982a889c0f": "New Relationship(3)",
        "0793a4f0-81ab-11ec-81c7-e3982a889c0f": "Date",
        "20f3ebd0-81ab-11ec-81c7-e3982a889c0f": "Breakfast",
        "29936900-81ab-11ec-81c7-e3982a889c0f": "Lunch",
        "33e6fed0-81ab-11ec-81c7-e3982a889c0f": "Teatime",
        "3a6b1610-81ab-11ec-81c7-e3982a889c0f": "Dinner",
        "3f64e3d0-81ab-11ec-81c7-e3982a889c0f": "Supper",
        "4b6ae490-81ab-11ec-81c7-e3982a889c0f": "Goal",
        "5751c490-81ab-11ec-81c7-e3982a889c0f": "Exercise",
        "8028c8f0-81ab-11ec-81c7-e3982a889c0f": "Exercise_Date",
        "9b2bc350-81ab-11ec-81c7-e3982a889c0f": "New Relationship(4)",
        "a21b94b0-81ab-11ec-81c7-e3982a889c0f": "New Relationship(5)",
        "b650c4a0-81ab-11ec-81c7-e3982a889c0f": "Date",
        "d1f5cb60-81ab-11ec-81c7-e3982a889c0f": "Duration",
        "da6e86b0-81ab-11ec-81c7-e3982a889c0f": "Goal",
        "e0ecf8a0-81ab-11ec-81c7-e3982a889c0f": "Finance",
        "f3e00ba0-81ab-11ec-81c7-e3982a889c0f": "Finance_Date",
        "1d170a50-81ac-11ec-81c7-e3982a889c0f": "Date",
        "795319d0-81ac-11ec-81c7-e3982a889c0f": "Amt",
        "85b914e0-81ac-11ec-81c7-e3982a889c0f": "Goal",
        "8da128f0-81ac-11ec-81c7-e3982a889c0f": "New view",
        "912dab10-81ac-11ec-81c7-e3982a889c0f": "New Relationship(6)",
        "987e1300-81ac-11ec-81c7-e3982a889c0f": "New Relationship(7)",
        "ab620ad0-81ac-11ec-81c7-e3982a889c0f": "Social",
        "e92fba60-81ac-11ec-81c7-e3982a889c0f": "Social_Date",
        "9c827250-81ae-11ec-81c7-e3982a889c0f": "Date",
        "a6ec2830-81ae-11ec-81c7-e3982a889c0f": "Duration",
        "af3520f0-81ae-11ec-81c7-e3982a889c0f": "Goal",
        "b91fbbc0-81ae-11ec-81c7-e3982a889c0f": "New Relationship(8)",
        "bf18aa00-81ae-11ec-81c7-e3982a889c0f": "New Relationship(9)",
        "cc5e7dc0-81ae-11ec-81c7-e3982a889c0f": "Goal",
        "02bd19d0-81af-11ec-81c7-e3982a889c0f": "New Relationship(10)",
        "10385570-81af-11ec-81c7-e3982a889c0f": "Diet_G",
        "45f02a30-81af-11ec-81c7-e3982a889c0f": "Type",
        "4eb816f0-81af-11ec-81c7-e3982a889c0f": "Conf",
        "53401010-81af-11ec-81c7-e3982a889c0f": "Goal",
        "d129cc00-81af-11ec-81c7-e3982a889c0f": "Exercise_G",
        "d12a6840-81af-11ec-81c7-e3982a889c0f": "Type",
        "d12a6841-81af-11ec-81c7-e3982a889c0f": "Conf",
        "d12a6842-81af-11ec-81c7-e3982a889c0f": "Goal",
        "e2150110-81af-11ec-81c7-e3982a889c0f": "Finance_G",
        "e2159d50-81af-11ec-81c7-e3982a889c0f": "Type",
        "e2159d51-81af-11ec-81c7-e3982a889c0f": "Conf",
        "e2159d52-81af-11ec-81c7-e3982a889c0f": "Goal",
        "edf614b0-81af-11ec-81c7-e3982a889c0f": "Social_G ",
        "edf6d800-81af-11ec-81c7-e3982a889c0f": "Type",
        "edf6d801-81af-11ec-81c7-e3982a889c0f": "Conf",
        "edf6d802-81af-11ec-81c7-e3982a889c0f": "Goal",
        "0138f560-81b0-11ec-81c7-e3982a889c0f": "New Relationship(11)",
        "09597e90-81b0-11ec-81c7-e3982a889c0f": "New Relationship(12)",
        "116bd6f0-81b0-11ec-81c7-e3982a889c0f": "New Relationship(13)",
        "181e2a20-81b0-11ec-81c7-e3982a889c0f": "New Relationship(14)",
        "2b517a70-81b0-11ec-81c7-e3982a889c0f": "Reward_List",
        "4bddff70-81b0-11ec-81c7-e3982a889c0f": "Rewards",
        "69fda320-81b0-11ec-81c7-e3982a889c0f": "Reward_List",
        "9c0268b0-81b5-11ec-81c7-e3982a889c0f": "Redeem",
        "a18f0090-81b5-11ec-81c7-e3982a889c0f": "Redeem",
        "a8b79530-81b5-11ec-81c7-e3982a889c0f": "Redeeem",
        "b107b9e0-81b5-11ec-81c7-e3982a889c0f": "Redeem",
        "93041b30-8fc2-11ec-a8a9-8d8b109865b3": "Name"
    },
    "definitions": {
        "type": "definitions",
        "properties": [],
        "GUID": "dd3d3e71-81a8-11ec-81c7-e3982a889c0f"
    },
    "polyglotDefinitions": {
        "type": "polyglotDefinitions",
        "properties": [],
        "GUID": "dd3d3e73-81a8-11ec-81c7-e3982a889c0f"
    },
    "externalDefinitions": {
        "type": "externalDefinitions",
        "properties": [],
        "GUID": "dd3d3e72-81a8-11ec-81c7-e3982a889c0f"
    },
    "sources": [],
    "decorativeSymbols": [],
    "dbVersion": "v4.4",
    "dbVendor": "MongoDB",
    "appTarget": "MONGODB",
    "creationTS": "2022-01-30T08:44:40.791Z",
    "GUID": "c49529a0-8fc2-11ec-a8a9-8d8b109865b3",
    "isLineageEnabled": false,
    "lastModifTS": "2022-02-17T07:25:22.619Z",
    "persistenceSchemaVersion": "5",
    "isCreatedByPlugin": true,
    "pluginInformation": {
        "pluginEngineVersion": "1.0.0"
    },
    "applicationInformation": {
        "version": "5.4.4"
    },
    "hackoladeMeta": {},
    "settings": {
        "centralPane": {
            "dbLevel": {
                "erd": [
                    {
                        "GUID": "03b89f90-81a9-11ec-81c7-e3982a889c0f",
                        "x": 80,
                        "y": 94.34866468842729,
                        "width": 219,
                        "height": 159,
                        "color": {}
                    },
                    {
                        "GUID": "f2d69cd0-81a9-11ec-81c7-e3982a889c0f",
                        "x": 722,
                        "y": 145.34866468842728,
                        "width": 196,
                        "height": 34,
                        "color": {
                            "hex": "#39ff14"
                        }
                    },
                    {
                        "GUID": "5d5ad4e0-81aa-11ec-81c7-e3982a889c0f",
                        "x": 1075,
                        "y": 102.34866468842729,
                        "width": 228,
                        "height": 141,
                        "color": {
                            "hex": "#d80073"
                        }
                    },
                    {
                        "GUID": "b1933200-81aa-11ec-81c7-e3982a889c0f",
                        "x": 723,
                        "y": 299.3486646884273,
                        "width": 145,
                        "height": 35,
                        "color": {
                            "hex": "#39ff14"
                        }
                    },
                    {
                        "GUID": "d83b9690-81aa-11ec-81c7-e3982a889c0f",
                        "x": 1077,
                        "y": 274.3486646884273,
                        "width": 228,
                        "height": 175,
                        "color": {
                            "hex": "#d80073"
                        }
                    },
                    {
                        "GUID": "5751c490-81ab-11ec-81c7-e3982a889c0f",
                        "x": 723,
                        "y": 472.3486646884273,
                        "width": 168,
                        "height": 30,
                        "color": {
                            "hex": "#39ff14"
                        }
                    },
                    {
                        "GUID": "8028c8f0-81ab-11ec-81c7-e3982a889c0f",
                        "x": 1076,
                        "y": 461.3486646884273,
                        "width": 232,
                        "height": 109,
                        "color": {
                            "hex": "#d80073"
                        }
                    },
                    {
                        "GUID": "e0ecf8a0-81ab-11ec-81c7-e3982a889c0f",
                        "x": 721,
                        "y": 616.3486646884273,
                        "width": 166,
                        "height": 32,
                        "color": {
                            "hex": "#39ff14"
                        }
                    },
                    {
                        "GUID": "f3e00ba0-81ab-11ec-81c7-e3982a889c0f",
                        "x": 1076,
                        "y": 589.3486646884273,
                        "width": 236,
                        "height": 101,
                        "color": {
                            "hex": "#d80073"
                        }
                    },
                    {
                        "GUID": "ab620ad0-81ac-11ec-81c7-e3982a889c0f",
                        "x": 721,
                        "y": 733.3486646884273,
                        "width": 155,
                        "height": 33,
                        "color": {
                            "hex": "#39ff14"
                        }
                    },
                    {
                        "GUID": "e92fba60-81ac-11ec-81c7-e3982a889c0f",
                        "x": 1074,
                        "y": 717.1486648791622,
                        "width": 241,
                        "height": 105,
                        "color": {
                            "hex": "#d80073"
                        }
                    },
                    {
                        "GUID": "cc5e7dc0-81ae-11ec-81c7-e3982a889c0f",
                        "x": 82,
                        "y": 326.74866430695755,
                        "width": 148,
                        "height": 51,
                        "color": {
                            "hex": "#39ff14"
                        }
                    },
                    {
                        "GUID": "10385570-81af-11ec-81c7-e3982a889c0f",
                        "x": 300,
                        "y": 325.14866487916214,
                        "width": 159,
                        "height": 89,
                        "color": {
                            "hex": "#d80073"
                        }
                    },
                    {
                        "GUID": "d129cc00-81af-11ec-81c7-e3982a889c0f",
                        "x": 301.75,
                        "y": 435.89866487916214,
                        "width": 182,
                        "height": 87,
                        "color": {
                            "hex": "#d80073"
                        }
                    },
                    {
                        "GUID": "e2150110-81af-11ec-81c7-e3982a889c0f",
                        "x": 300.75,
                        "y": 546.8986648791622,
                        "width": 180,
                        "height": 87,
                        "color": {
                            "hex": "#d80073"
                        }
                    },
                    {
                        "GUID": "edf614b0-81af-11ec-81c7-e3982a889c0f",
                        "x": 301.75,
                        "y": 657.8986648791622,
                        "width": 172,
                        "height": 87,
                        "color": {
                            "hex": "#d80073"
                        }
                    },
                    {
                        "GUID": "2b517a70-81b0-11ec-81c7-e3982a889c0f",
                        "x": 80,
                        "y": 722.1501485586864,
                        "width": 197,
                        "height": 87,
                        "color": {
                            "hex": "#ff9801"
                        }
                    }
                ],
                "buckets": [
                    {
                        "x": 40,
                        "y": 54.34866468842729,
                        "GUID": "df0d1c70-81a8-11ec-81c7-e3982a889c0f"
                    }
                ],
                "collapsedNodes": [],
                "activeRelationship": "",
                "activeRelationshipFields": {
                    "childField": [],
                    "parentField": []
                },
                "selectedCollections": [],
                "displayColorPicker": false,
                "graphView": {
                    "erd": [],
                    "buckets": [],
                    "decorativeSymbols": [],
                    "forceLayout": true,
                    "defaultLinkLength": 300
                },
                "diagramViews": [],
                "decorativeSymbols": [],
                "nestedCollectionsLayout": "horizontal",
                "options": []
            },
            "collectionLevel": {},
            "changed": false
        },
        "dtDiagram": {
            "collapsedNodes": [],
            "shouldDistributeCollections": false
        }
    }
}